index,CustomerId,Name,CreditScore,Country,Gender,Age,Tenure,Balance,NumOfProducts,Salary,Exited,CreaditScore
14,duplicated,Scott,528,USA,Female,35.0,7.0,0.0,2.0,65951.65,0.0,
60,duplicated,Hunter,742,Germany,Male,35.0,5.0,136857.0,1.0,84509.57,0.0,
68,duplicated,Glauert,661,Germany,Female,35.0,5.0,150725.53,2.0,113656.85,0.0,
95,duplicated,Fiorentini,515,USA,Male,35.0,10.0,176273.95,1.0,121277.78,0.0,
109,duplicated,T'ang,479,Germany,Male,35.0,9.0,92833.89,1.0,99449.86,1.0,
139,duplicated,Vasin,579,USA,Female,35.0,1.0,129490.36,2.0,8590.83,1.0,
175,duplicated,Fu,484,USA,Female,35.0,7.0,133868.21,1.0,27286.1,0.0,
195,duplicated,Aleshire,807,France,Male,35.0,3.0,174790.15,1.0,600.36,0.0,
199,duplicated,Volkov,521,France,Male,35.0,6.0,96423.84,1.0,10488.44,0.0,
269,duplicated,Zetticci,791,Germany,Female,35.0,7.0,52436.2,1.0,161051.75,0.0,
278,duplicated,Allen,646,France,Male,35.0,6.0,84026.86,1.0,164255.69,0.0,
282,duplicated,Huang,479,Germany,Male,35.0,4.0,138718.92,1.0,47251.79,1.0,
302,duplicated,Calabrese,687,France,Male,35.0,8.0,0.0,2.0,10334.05,0.0,
307,duplicated,Shih,629,Germany,Male,35.0,7.0,156847.29,2.0,31824.29,0.0,
325,duplicated,Tai,716,France,Male,35.0,4.0,144428.87,1.0,134132.65,0.0,
326,duplicated,Scott,594,France,Male,35.0,2.0,0.0,2.0,103480.69,0.0,
328,duplicated,Mazzanti,671,Germany,Male,35.0,1.0,144848.74,1.0,179012.3,0.0,
367,duplicated,Scott,460,Germany,Female,35.0,8.0,102742.91,2.0,189339.6,0.0,
374,duplicated,Bianchi,717,Germany,Male,35.0,7.0,58469.37,2.0,172459.39,0.0,
377,duplicated,Kerr,572,USA,Male,35.0,4.0,152390.26,1.0,128123.66,0.0,
414,duplicated,Moseley,795,USA,Male,35.0,8.0,0.0,2.0,167155.36,0.0,
423,duplicated,Stevenson,678,France,Female,35.0,4.0,0.0,1.0,125518.32,0.0,
437,duplicated,Hs?,516,France,Male,35.0,10.0,104088.59,2.0,119666.0,0.0,
440,duplicated,Chukwuemeka,626,France,Female,35.0,3.0,0.0,1.0,80190.36,0.0,
468,duplicated,Padovano,536,France,Male,35.0,8.0,0.0,2.0,64833.28,0.0,
469,duplicated,Fisk,753,France,Male,35.0,3.0,0.0,2.0,184843.77,0.0,
485,duplicated,Lewis,730,France,Female,35.0,0.0,155470.55,1.0,53718.28,0.0,
520,duplicated,Macartney,850,France,Female,35.0,1.0,211774.31,1.0,188574.12,1.0,
533,duplicated,Mai,543,USA,Male,35.0,10.0,59408.63,1.0,76773.53,0.0,
536,duplicated,Fiorentini,639,Germany,Male,35.0,10.0,128173.9,2.0,59093.39,0.0,
572,duplicated,Carslaw,745,France,Male,35.0,9.0,92566.53,2.0,161519.77,0.0,
608,duplicated,Boyle,699,France,Male,35.0,5.0,0.0,2.0,78397.24,0.0,
620,duplicated,Guerra,593,France,Male,35.0,9.0,114193.24,1.0,71154.1,0.0,
625,duplicated,Alderete,850,USA,Male,35.0,7.0,110349.82,1.0,126355.8,0.0,
674,duplicated,He,529,USA,Male,35.0,5.0,0.0,2.0,187288.5,0.0,
706,duplicated,Kent,626,Germany,Male,35.0,4.0,88109.81,1.0,32825.5,0.0,
708,duplicated,Cooper,580,France,Female,35.0,8.0,0.0,2.0,10357.03,0.0,
711,duplicated,Summers,634,Germany,Male,35.0,6.0,116269.01,1.0,129964.94,0.0,
752,duplicated,Hsieh,490,France,Female,35.0,7.0,107749.03,1.0,3937.37,0.0,
761,duplicated,Maclean,693,France,Female,35.0,5.0,124151.09,1.0,88705.14,1.0,
779,duplicated,Shih,679,USA,Female,35.0,8.0,119182.73,1.0,121210.09,0.0,
783,duplicated,Verco,571,France,Female,35.0,8.0,0.0,2.0,84569.13,0.0,
788,duplicated,Galkin,562,USA,Female,35.0,0.0,0.0,2.0,119899.52,0.0,
798,duplicated,Padovano,683,France,Female,35.0,6.0,187530.66,2.0,37976.36,0.0,
810,duplicated,Davide,618,France,Female,35.0,10.0,0.0,2.0,180439.75,0.0,
842,duplicated,Fanucci,660,Germany,Male,35.0,8.0,58641.43,1.0,198674.08,0.0,
872,duplicated,Andrews,722,France,Female,35.0,2.0,163943.89,2.0,15068.18,0.0,
894,duplicated,Sung,728,Germany,Female,35.0,8.0,125884.95,2.0,54359.02,1.0,
896,duplicated,Mistry,718,France,Male,35.0,8.0,0.0,2.0,94820.85,0.0,
914,duplicated,Chinwendu,569,France,Male,35.0,10.0,124525.52,1.0,193793.78,0.0,
918,duplicated,Olejuru,784,USA,Male,35.0,3.0,0.0,2.0,81483.64,0.0,
926,duplicated,Thurgood,738,USA,Male,35.0,3.0,0.0,1.0,15650.73,0.0,
940,duplicated,Palazzi,710,USA,Male,35.0,1.0,106518.52,1.0,127951.81,0.0,
961,duplicated,Ch'iu,685,USA,Male,35.0,4.0,137948.51,1.0,113639.64,0.0,
983,duplicated,McGregor,614,Germany,Female,35.0,6.0,128100.28,1.0,69454.24,1.0,
991,duplicated,Watson,615,France,Female,35.0,2.0,97440.02,2.0,139816.1,0.0,
1011,duplicated,Eberechukwu,719,USA,Male,35.0,3.0,122964.88,1.0,138231.7,0.0,
1027,duplicated,Palerma,737,Germany,Male,35.0,0.0,133377.8,1.0,64050.19,0.0,
1043,duplicated,Chien,579,France,Male,35.0,1.0,0.0,2.0,4460.2,0.0,
1081,duplicated,Chapman,461,USA,Female,35.0,8.0,0.0,1.0,132295.95,0.0,
1124,duplicated,Pan,606,USA,Male,35.0,7.0,0.0,1.0,106837.06,1.0,
1129,duplicated,Souter,669,France,Female,35.0,7.0,0.0,1.0,49108.23,1.0,
1160,duplicated,Tsao,513,France,Male,35.0,8.0,0.0,1.0,76640.29,1.0,
1167,duplicated,Ignatyeva,548,France,Female,35.0,10.0,0.0,1.0,31299.71,0.0,
1186,duplicated,Grant,670,France,Female,35.0,3.0,103465.02,2.0,174627.06,0.0,
1203,duplicated,Miller,463,France,Male,35.0,2.0,101257.16,1.0,118113.64,0.0,
1282,duplicated,Ugoji,622,France,Male,35.0,8.0,0.0,2.0,131772.51,0.0,
1378,duplicated,Johnstone,715,USA,Female,35.0,4.0,40169.88,2.0,199857.47,0.0,
1385,duplicated,Mills,716,France,Female,35.0,8.0,112808.18,1.0,17848.3,0.0,
1452,duplicated,Mazzanti,687,France,Female,35.0,3.0,99587.43,1.0,1713.1,1.0,
1455,duplicated,Reilly,686,Germany,Male,35.0,2.0,109342.82,2.0,86043.27,0.0,
1467,duplicated,Barbour,624,Germany,Female,35.0,0.0,180303.24,2.0,163587.9,0.0,
1497,duplicated,Chineze,631,France,Male,35.0,9.0,112392.45,2.0,24472.23,0.0,
1522,duplicated,Sholes,787,France,Female,35.0,1.0,106266.8,1.0,16607.15,0.0,
1527,duplicated,Chinwendu,661,Germany,Male,35.0,8.0,124098.54,1.0,86678.48,0.0,
1558,duplicated,Dickson,571,France,Female,35.0,1.0,104783.81,2.0,178512.52,0.0,
1573,duplicated,Onyekachukwu,668,France,Female,35.0,6.0,102482.76,1.0,53994.64,0.0,
1580,duplicated,Mitchell,721,France,Female,35.0,6.0,118273.83,1.0,3086.89,0.0,
1609,duplicated,Wright,619,France,Female,35.0,8.0,132292.63,1.0,65682.93,0.0,
1633,duplicated,Farmer,562,France,Male,35.0,7.0,0.0,1.0,48869.67,0.0,
1689,duplicated,Cunningham,595,USA,Male,35.0,8.0,0.0,1.0,100015.79,1.0,
1705,duplicated,Bell,452,France,Male,35.0,4.0,148172.44,1.0,4175.68,0.0,
1717,duplicated,Gray,707,USA,Female,35.0,3.0,56674.48,1.0,17987.4,1.0,
1759,duplicated,Olague,584,France,Male,35.0,9.0,0.0,2.0,192381.21,0.0,
1782,duplicated,Hayward,554,France,Female,35.0,6.0,117707.18,2.0,95277.15,1.0,
1791,duplicated,De Salis,702,USA,Female,35.0,8.0,14262.8,2.0,54689.16,0.0,
1795,duplicated,Marshall,683,Germany,Female,35.0,5.0,95698.79,1.0,182566.76,0.0,
1821,duplicated,Lee,630,USA,Male,35.0,1.0,0.0,2.0,186826.22,0.0,
1842,duplicated,Bentley,745,USA,Female,35.0,8.0,0.0,2.0,116581.1,0.0,
1848,duplicated,White,518,Germany,Female,35.0,8.0,141665.63,1.0,192776.64,0.0,
1874,duplicated,Chu,529,USA,Male,35.0,5.0,95772.97,1.0,112781.5,0.0,
1878,duplicated,Scott,648,USA,Male,35.0,7.0,0.0,2.0,78436.36,0.0,
1884,duplicated,Ozuluonye,656,France,Male,35.0,6.0,0.0,2.0,1485.27,0.0,
1921,duplicated,Woods,658,France,Female,35.0,5.0,126397.66,1.0,156361.58,1.0,
1948,duplicated,Fleming,680,USA,Male,35.0,9.0,0.0,2.0,143774.06,0.0,
1975,duplicated,Golubova,622,France,Female,35.0,5.0,0.0,2.0,51112.8,0.0,
1977,duplicated,Johnson,717,USA,Male,35.0,1.0,0.0,3.0,174770.14,1.0,
2013,duplicated,Dellucci,705,Germany,Male,35.0,4.0,136496.12,2.0,116672.02,0.0,
2048,duplicated,Roberts,567,France,Female,35.0,5.0,166118.45,2.0,127827.18,0.0,
2063,duplicated,Stephenson,588,Germany,Female,35.0,1.0,103060.63,1.0,179866.01,1.0,
2113,duplicated,Mouzon,738,Germany,Male,35.0,6.0,101744.84,1.0,85185.44,0.0,
2142,duplicated,Cook,690,France,Male,35.0,6.0,112689.95,1.0,176962.31,0.0,
2155,duplicated,She,660,France,Female,35.0,6.0,100768.77,1.0,19199.61,0.0,
2163,duplicated,Cameron,605,France,Male,35.0,6.0,0.0,2.0,45206.57,0.0,
2172,duplicated,Power,661,Germany,Male,35.0,2.0,117212.18,1.0,83052.03,0.0,
2176,duplicated,Inman,699,USA,Male,35.0,2.0,167455.66,2.0,55324.49,0.0,
2189,duplicated,Palerma,480,France,Male,35.0,2.0,165692.91,1.0,197984.58,0.0,
2197,duplicated,Uvarova,614,USA,Male,35.0,2.0,127283.78,1.0,31302.35,0.0,
2201,duplicated,P'eng,600,France,Male,35.0,4.0,143744.77,2.0,104076.51,0.0,
2217,duplicated,Stephens,666,USA,Male,35.0,2.0,104832.49,1.0,175015.12,0.0,
2221,duplicated,Hsing,767,Germany,Female,35.0,6.0,132253.22,1.0,115566.57,1.0,
2231,duplicated,Ndukaku,746,France,Male,35.0,2.0,172274.01,1.0,22374.97,0.0,
2249,duplicated,Olejuru,762,France,Male,35.0,9.0,0.0,2.0,43075.7,0.0,
2257,duplicated,Davy,686,USA,Female,35.0,4.0,0.0,2.0,159676.55,0.0,
2265,duplicated,Lysaght,623,France,Female,35.0,5.0,0.0,2.0,101192.08,0.0,
2304,duplicated,Yuan,759,USA,Female,35.0,7.0,147936.42,1.0,106785.7,0.0,
2326,duplicated,McIntosh,648,USA,Male,35.0,7.0,0.0,2.0,122899.01,0.0,
2329,duplicated,Thompson,850,France,Male,35.0,3.0,162442.35,1.0,183566.78,0.0,
2337,duplicated,King,701,USA,Female,35.0,9.0,0.0,2.0,170996.86,0.0,
2351,duplicated,Pai,651,France,Male,35.0,7.0,74623.5,3.0,129451.29,1.0,
2354,duplicated,Ferri,731,Germany,Male,35.0,2.0,127862.93,2.0,139083.7,0.0,
2370,duplicated,Sinclair,479,France,Female,35.0,2.0,113090.4,1.0,195649.79,0.0,
2389,duplicated,Ts'ai,655,USA,Female,35.0,1.0,82231.51,2.0,88798.02,0.0,
2405,duplicated,Kay,685,France,Male,35.0,9.0,0.0,1.0,167033.83,0.0,
2490,duplicated,Robinson,696,Germany,Female,35.0,4.0,174902.26,1.0,69079.85,0.0,
2522,duplicated,Calabresi,558,France,Male,35.0,1.0,0.0,2.0,111687.57,0.0,
2534,duplicated,Walker,717,Germany,Female,35.0,5.0,103214.71,1.0,172172.7,0.0,
2616,duplicated,Gregory,762,USA,Male,35.0,9.0,122929.42,2.0,149822.04,0.0,
2620,duplicated,Meng,603,France,Male,35.0,6.0,128993.76,2.0,130483.56,0.0,
2631,duplicated,Chikere,629,France,Male,35.0,1.0,172170.36,1.0,159777.37,0.0,
2667,duplicated,Moran,584,France,Male,35.0,3.0,146311.58,1.0,105443.47,0.0,
2671,duplicated,Castella,799,USA,Male,35.0,7.0,0.0,2.0,140780.8,0.0,
2679,duplicated,Panicucci,520,USA,Female,35.0,4.0,115680.81,1.0,90280.7,0.0,
2747,duplicated,Padovesi,577,France,Female,35.0,10.0,0.0,2.0,25161.61,0.0,
2835,duplicated,Kosisochukwu,653,USA,Male,35.0,6.0,116662.96,2.0,23864.21,0.0,
2844,duplicated,Ricci,606,France,Male,35.0,2.0,132164.26,1.0,164815.59,0.0,
2876,duplicated,Thomson,604,USA,Female,35.0,7.0,147285.52,1.0,57807.05,0.0,
2881,duplicated,Artemyeva,711,Germany,Female,35.0,2.0,133607.75,1.0,120586.32,0.0,
2899,duplicated,Bryant,586,France,Female,35.0,7.0,0.0,2.0,70760.69,0.0,
2904,duplicated,Debellis,715,France,Female,35.0,3.0,0.0,1.0,152012.36,0.0,
2935,duplicated,Olejuru,687,USA,Male,35.0,8.0,100988.39,2.0,22247.27,0.0,
2978,duplicated,Mackay,580,France,Female,35.0,1.0,102097.33,1.0,168285.85,0.0,
2983,duplicated,Arnott,523,Germany,Male,35.0,8.0,138782.76,1.0,186118.93,0.0,
2984,duplicated,Hanson,663,France,Male,35.0,9.0,0.0,2.0,195580.28,0.0,
3052,duplicated,Namatjira,607,France,Male,35.0,2.0,0.0,2.0,114190.3,0.0,
3064,duplicated,Barnes,506,USA,Male,35.0,6.0,110046.93,2.0,26318.73,0.0,
3075,duplicated,De Luca,556,France,Male,35.0,10.0,0.0,2.0,192751.18,0.0,
3100,duplicated,Lori,810,Germany,Male,35.0,3.0,96814.46,2.0,120511.03,0.0,
3150,duplicated,Olisaemeka,573,Germany,Female,35.0,9.0,206868.78,2.0,102986.15,0.0,
3170,duplicated,Chikezie,850,Germany,Female,35.0,2.0,80931.75,1.0,12639.67,1.0,
3175,duplicated,Sutherland,586,France,Female,35.0,7.0,164769.02,3.0,119814.25,1.0,
3212,duplicated,Hs?,611,France,Male,35.0,10.0,0.0,1.0,23598.23,1.0,
3226,duplicated,Yao,603,Germany,Male,35.0,1.0,105346.03,2.0,130379.5,0.0,
3248,duplicated,Singh,516,France,Male,35.0,5.0,128653.59,1.0,127558.26,0.0,
3264,duplicated,Hoolan,738,France,Male,35.0,5.0,161274.05,2.0,181429.87,0.0,
3302,duplicated,Morphett,593,USA,Male,35.0,4.0,161637.75,1.0,20008.46,0.0,
3304,duplicated,Burns,601,Germany,Male,35.0,8.0,71553.83,1.0,177384.45,0.0,
3319,duplicated,McGarry,430,France,Male,35.0,1.0,118894.22,1.0,2923.61,0.0,
3350,duplicated,Calabresi,670,USA,Male,35.0,2.0,124268.64,2.0,84321.03,0.0,
3422,duplicated,Poninski,679,Germany,Male,35.0,1.0,130463.55,2.0,37341.17,0.0,
3428,duplicated,Wan,641,France,Female,35.0,4.0,0.0,2.0,125986.18,0.0,
3461,duplicated,Lu,781,USA,Male,35.0,4.0,80790.74,1.0,116429.51,0.0,
3488,duplicated,Napolitani,587,USA,Female,35.0,3.0,83286.56,1.0,125553.52,0.0,
3491,duplicated,Fraser,570,Germany,Male,35.0,6.0,85668.59,1.0,105525.36,0.0,
3503,duplicated,Genovese,543,France,Male,35.0,5.0,137482.19,1.0,62389.35,0.0,
3510,duplicated,Palerma,534,France,Male,35.0,2.0,81951.74,2.0,115668.53,0.0,
3523,duplicated,Darwin,835,France,Male,35.0,6.0,127120.07,1.0,28707.69,0.0,
3524,duplicated,Uvarova,763,France,Female,35.0,7.0,115651.6,2.0,104706.29,0.0,
3547,duplicated,Shao,662,USA,Female,35.0,6.0,0.0,2.0,2423.9,1.0,
3582,duplicated,Cremonesi,686,France,Male,35.0,4.0,0.0,1.0,8816.37,0.0,
3628,duplicated,Azubuike,493,Germany,Female,35.0,8.0,178317.6,1.0,197428.64,0.0,
3655,duplicated,Chan,754,Germany,Male,35.0,6.0,98585.94,2.0,106116.84,0.0,
3661,duplicated,Hayslett,497,Germany,Male,35.0,7.0,110053.62,2.0,92887.06,0.0,
3684,duplicated,Gardener,482,France,Female,35.0,2.0,133111.73,1.0,79957.95,0.0,
3688,duplicated,Dettmann,679,Germany,Male,35.0,1.0,110245.13,1.0,178291.09,0.0,
3692,duplicated,Greece,613,USA,Male,35.0,4.0,123557.65,2.0,170903.4,0.0,
3705,duplicated,Senior,612,France,Female,35.0,3.0,0.0,1.0,48108.72,0.0,
3746,duplicated,Watt,688,Germany,Male,35.0,5.0,111578.18,1.0,166165.93,1.0,
3754,duplicated,Bellucci,535,USA,Male,35.0,8.0,118989.92,1.0,135536.72,0.0,
3773,duplicated,Rudd,749,France,Female,35.0,3.0,0.0,3.0,132649.85,0.0,
3799,duplicated,Chinagorom,458,USA,Female,35.0,5.0,166492.48,1.0,135287.74,0.0,
3809,duplicated,McIntyre,664,USA,Male,35.0,1.0,115024.5,1.0,169665.79,0.0,
3832,duplicated,Kang,555,USA,Female,35.0,1.0,0.0,2.0,101667.0,0.0,
3911,duplicated,Matthews,782,France,Female,35.0,4.0,0.0,1.0,119565.34,0.0,
3931,duplicated,Cox,706,France,Female,35.0,8.0,178032.53,1.0,42181.68,0.0,
3966,duplicated,Ewers,815,France,Male,35.0,4.0,0.0,2.0,198490.33,0.0,
4074,duplicated,Nkemakonam,718,France,Female,35.0,2.0,167924.95,1.0,43024.64,0.0,
4163,duplicated,Jackson,627,France,Female,35.0,7.0,0.0,2.0,193022.44,0.0,
4172,duplicated,Pai,636,France,Female,35.0,2.0,0.0,2.0,23129.46,0.0,
4185,duplicated,Scott,675,USA,Male,35.0,8.0,0.0,2.0,29062.25,0.0,
4198,duplicated,Akobundu,612,USA,Male,35.0,1.0,0.0,1.0,83256.26,1.0,
4217,duplicated,Okechukwu,587,Germany,Male,35.0,5.0,121863.61,1.0,23481.69,1.0,
4236,duplicated,Jackson,492,France,Male,35.0,4.0,141359.37,2.0,39519.53,0.0,
4251,duplicated,Sheffield,601,France,Male,35.0,2.0,0.0,2.0,118983.18,0.0,
4258,duplicated,Flores,782,Germany,Male,35.0,7.0,98556.89,2.0,117644.36,0.0,
4266,duplicated,Daniels,536,France,Female,35.0,8.0,0.0,1.0,171840.24,1.0,
4283,duplicated,Padovano,725,France,Male,35.0,7.0,75915.75,1.0,150507.43,0.0,
4309,duplicated,Algarin,705,France,Female,35.0,5.0,0.0,1.0,133991.11,1.0,
4341,duplicated,Lavrentiev,647,Germany,Female,35.0,3.0,166518.63,2.0,147930.46,0.0,
4363,duplicated,McCulloch,634,USA,Female,35.0,10.0,0.0,1.0,82634.41,0.0,
4371,duplicated,Lai,563,France,Female,35.0,2.0,183572.84,1.0,66006.75,1.0,
4385,duplicated,Tseng,651,France,Male,35.0,2.0,86911.8,1.0,174094.24,0.0,
4405,duplicated,Holt,564,USA,Female,35.0,9.0,0.0,2.0,105837.38,0.0,
4420,duplicated,Toscani,714,Germany,Female,35.0,6.0,126077.43,2.0,53954.24,0.0,
4428,duplicated,Udegbulam,602,France,Female,35.0,5.0,0.0,2.0,31050.02,0.0,
4460,duplicated,Ma,661,France,Male,35.0,5.0,0.0,1.0,155394.52,0.0,
4466,duplicated,Renwick,413,USA,Male,35.0,2.0,0.0,2.0,60972.84,0.0,
4486,duplicated,Fanucci,528,France,Male,35.0,3.0,156687.1,1.0,199320.77,0.0,
4489,duplicated,Anderson,602,France,Female,35.0,8.0,0.0,2.0,152843.53,0.0,
4509,duplicated,Kwemto,572,Germany,Female,35.0,1.0,139979.07,1.0,185662.84,0.0,
4555,duplicated,Kung,688,USA,Female,35.0,6.0,0.0,1.0,25488.43,1.0,
4589,duplicated,Stewart,615,France,Male,35.0,7.0,0.0,2.0,150784.29,0.0,
4602,duplicated,Hargreaves,722,USA,Female,35.0,1.0,120171.58,1.0,125240.8,0.0,
4663,duplicated,Mai,620,Germany,Male,35.0,0.0,76989.97,1.0,17242.79,0.0,
4665,duplicated,Davey,786,France,Male,35.0,3.0,0.0,2.0,92712.97,0.0,
4679,duplicated,Montemayor,777,USA,Female,35.0,3.0,0.0,2.0,17257.72,0.0,
4700,duplicated,Hung,838,USA,Male,35.0,0.0,0.0,2.0,197305.91,0.0,
4704,duplicated,Li,588,France,Female,35.0,0.0,0.0,2.0,155485.24,0.0,
4713,duplicated,Mackenzie,837,Germany,Male,35.0,0.0,144037.6,1.0,145325.32,0.0,
4719,duplicated,Chiawuotu,566,Germany,Female,35.0,1.0,123042.0,1.0,66245.44,1.0,
4731,duplicated,Cribb,705,France,Female,35.0,3.0,0.0,2.0,66331.01,0.0,
4750,duplicated,Hunter,850,France,Female,35.0,5.0,0.0,1.0,80992.8,0.0,
4773,duplicated,Gordon,646,Germany,Female,35.0,1.0,121952.75,2.0,142839.82,0.0,
4774,duplicated,Conway,811,France,Female,35.0,7.0,0.0,1.0,178.19,0.0,
4775,duplicated,Buccho,526,USA,Male,35.0,5.0,0.0,2.0,105618.14,0.0,
4791,duplicated,Taylor,709,USA,Male,35.0,2.0,0.0,2.0,104982.39,0.0,
4796,duplicated,Fowler,719,USA,Male,35.0,1.0,100829.94,1.0,165008.97,0.0,
4824,duplicated,Armfield,727,France,Male,35.0,5.0,136364.46,1.0,142754.71,0.0,
4831,duplicated,Briggs,660,France,Male,35.0,7.0,0.0,2.0,13218.6,0.0,
4834,duplicated,Ch'en,752,USA,Female,35.0,2.0,0.0,1.0,44335.54,1.0,
4840,duplicated,McGregor,411,France,Female,35.0,2.0,0.0,2.0,93825.78,0.0,
4852,duplicated,Ch'in,687,USA,Male,35.0,3.0,0.0,2.0,176450.19,0.0,
4969,duplicated,K?,655,USA,Female,35.0,1.0,106405.03,1.0,82900.25,0.0,
4977,duplicated,Alexander,776,USA,Male,35.0,8.0,106365.29,1.0,148527.56,0.0,
4978,duplicated,Bray,540,Germany,Male,35.0,7.0,127801.88,1.0,84239.46,0.0,
4987,duplicated,Retana,452,France,Female,35.0,7.0,0.0,2.0,164241.67,0.0,
5001,duplicated,Johnston,754,USA,Male,35.0,4.0,0.0,2.0,9658.41,0.0,
5014,duplicated,John,758,USA,Female,35.0,5.0,0.0,2.0,100365.51,0.0,
5060,duplicated,Yancy,577,France,Female,35.0,4.0,108155.49,1.0,105407.79,0.0,
5071,duplicated,Barnes,676,France,Male,35.0,5.0,106836.67,2.0,84199.78,0.0,
5078,duplicated,Stewart,743,USA,Male,35.0,6.0,79388.33,1.0,193360.69,0.0,
5121,duplicated,Hsiung,677,USA,Female,35.0,0.0,0.0,2.0,76637.38,0.0,
5151,duplicated,Dyer,774,France,Female,35.0,3.0,121418.62,1.0,24400.37,0.0,
5181,duplicated,Ahmed,661,USA,Female,35.0,5.0,128415.45,1.0,142626.49,0.0,
5210,duplicated,Pisano,551,France,Male,35.0,7.0,129717.3,2.0,86937.2,0.0,
5229,duplicated,Anderson,675,France,Male,35.0,8.0,0.0,2.0,56642.97,0.0,
5260,duplicated,Ozuluonye,704,Germany,Female,35.0,3.0,154206.07,2.0,40261.49,0.0,
5353,duplicated,Greco,592,USA,Male,35.0,6.0,80285.16,1.0,72678.75,1.0,
5360,duplicated,Perkins,633,France,Male,35.0,10.0,0.0,2.0,65675.47,0.0,
5399,duplicated,Bowen,733,USA,Male,35.0,8.0,102918.38,1.0,45959.86,0.0,
5418,duplicated,Ibrahimova,562,Germany,Male,35.0,3.0,142296.13,1.0,177112.7,0.0,
5423,duplicated,K?,794,France,Male,35.0,6.0,0.0,2.0,68730.91,0.0,
5428,duplicated,Ch'ang,507,France,Female,35.0,2.0,0.0,2.0,97633.93,0.0,
5458,duplicated,Watt,635,USA,Male,35.0,2.0,113635.16,1.0,90883.12,0.0,
5479,duplicated,Robertson,569,USA,Male,35.0,3.0,116969.35,1.0,94488.82,0.0,
5487,duplicated,Carter,763,France,Male,35.0,9.0,0.0,1.0,31372.91,0.0,
5488,duplicated,Dike,410,France,Female,35.0,7.0,117183.74,1.0,109733.73,0.0,
5492,duplicated,Gorshkov,712,France,Male,35.0,7.0,124616.23,1.0,69320.97,0.0,
5495,duplicated,Yen,721,France,Male,35.0,10.0,0.0,2.0,71594.26,0.0,
5498,duplicated,Field,563,France,Male,35.0,3.0,106250.72,1.0,39546.32,0.0,
5523,duplicated,Monaldo,717,France,Male,35.0,4.0,0.0,1.0,167573.06,0.0,
5542,duplicated,Bryant,682,France,Female,35.0,2.0,181166.44,1.0,63737.19,1.0,
5560,duplicated,Gleeson,564,France,Male,35.0,4.0,0.0,1.0,158937.55,0.0,
5565,duplicated,Cartwright,683,Germany,Male,35.0,5.0,144961.97,1.0,26796.73,0.0,
5570,duplicated,P'eng,569,Germany,Male,35.0,2.0,109196.66,3.0,109393.19,1.0,
5588,duplicated,Ugochukwu,593,France,Female,35.0,6.0,133489.12,2.0,78101.29,0.0,
5596,duplicated,Iadanza,597,USA,Male,35.0,9.0,0.0,3.0,73181.39,1.0,
5626,duplicated,Chibuzo,624,USA,Female,35.0,7.0,119656.45,2.0,4595.05,0.0,
5646,duplicated,James,526,Germany,Female,35.0,9.0,118536.4,1.0,40980.87,1.0,
5648,duplicated,Walton,525,France,Male,35.0,7.0,165358.77,1.0,94738.54,0.0,
5699,duplicated,Wallace,684,France,Male,35.0,6.0,135871.5,1.0,87219.41,0.0,
5711,duplicated,Miah,617,France,Female,35.0,2.0,104508.1,1.0,147636.46,0.0,
5712,duplicated,Chijindum,660,Germany,Male,35.0,9.0,113948.58,1.0,188891.96,1.0,
5737,duplicated,Mistry,682,Germany,Female,35.0,2.0,117438.92,2.0,16910.98,0.0,
5772,duplicated,MacDonald,665,France,Male,35.0,8.0,110934.54,1.0,169287.99,0.0,
5802,duplicated,Milani,499,France,Male,35.0,10.0,0.0,2.0,10722.54,0.0,
5804,duplicated,Jamieson,625,Germany,Female,35.0,5.0,86147.46,2.0,163440.8,1.0,
5822,duplicated,Romani,624,USA,Male,35.0,2.0,0.0,2.0,87310.59,0.0,
5827,duplicated,Robson,653,USA,Male,35.0,9.0,0.0,2.0,45956.05,0.0,
5837,duplicated,Finch,850,France,Female,35.0,6.0,81684.97,1.0,824.0,0.0,
5892,duplicated,Wilson,588,Germany,Male,35.0,3.0,104356.38,1.0,94498.82,0.0,
5948,duplicated,Stewart,473,Germany,Female,35.0,7.0,131504.73,1.0,189560.43,0.0,
5964,duplicated,Ikenna,599,USA,Male,35.0,6.0,137102.65,1.0,76870.81,0.0,
5970,duplicated,Wilson,470,France,Male,35.0,1.0,96473.59,1.0,5962.3,0.0,
5986,duplicated,Brown,527,USA,Female,35.0,8.0,0.0,1.0,98031.53,1.0,
5988,duplicated,Chukwudi,850,France,Male,35.0,2.0,0.0,2.0,56991.66,0.0,
5994,duplicated,Lo Duca,580,Germany,Male,35.0,10.0,136281.41,2.0,24799.47,0.0,
6019,duplicated,Pisani,726,USA,Female,35.0,9.0,0.0,2.0,100556.98,0.0,
6020,duplicated,Y?an,609,France,Female,35.0,2.0,147900.43,1.0,140000.29,0.0,
6022,duplicated,Chin,694,USA,Female,35.0,7.0,0.0,1.0,133570.43,1.0,
6070,duplicated,Collee,629,USA,Male,35.0,4.0,174588.8,2.0,158420.14,0.0,
6107,duplicated,Houghton,703,Germany,Male,35.0,5.0,140691.08,2.0,167810.26,0.0,
6128,duplicated,Sabbatini,819,France,Male,35.0,1.0,0.0,2.0,3385.04,0.0,
6130,duplicated,Yao,632,Germany,Female,35.0,2.0,150561.03,2.0,64722.61,0.0,
6214,duplicated,Dale,458,Germany,Male,35.0,9.0,146780.52,2.0,3476.38,0.0,
6261,duplicated,Cattaneo,708,USA,Female,35.0,8.0,122570.69,1.0,199005.88,0.0,
6285,duplicated,Craig,850,Germany,Female,35.0,7.0,114285.2,1.0,129660.59,0.0,
6331,duplicated,Herz,629,Germany,Male,35.0,8.0,112330.83,1.0,91001.02,0.0,
6332,duplicated,Holden,619,France,Female,35.0,4.0,90413.12,1.0,20555.21,0.0,
6334,duplicated,Findlay,608,USA,Female,35.0,6.0,0.0,2.0,143463.28,0.0,
6335,duplicated,Wyatt,507,France,Female,35.0,1.0,0.0,2.0,92131.54,0.0,
6336,duplicated,Rapuluolisa,536,Germany,Female,35.0,4.0,121520.36,1.0,77178.42,0.0,
6345,duplicated,Tuan,754,France,Female,35.0,4.0,0.0,2.0,44830.71,0.0,
6347,duplicated,Bergamaschi,637,Germany,Male,35.0,8.0,147127.81,2.0,84760.7,0.0,
6353,duplicated,Etheridge,598,France,Male,35.0,8.0,114212.6,1.0,74322.85,0.0,
6370,duplicated,Manna,707,France,Male,35.0,2.0,0.0,3.0,94148.3,0.0,
6380,duplicated,Ponce,603,Germany,Male,35.0,1.0,123407.69,1.0,152541.89,1.0,
6454,duplicated,Craig,597,USA,Male,35.0,0.0,127510.99,1.0,155356.34,0.0,
6468,duplicated,Cremonesi,767,France,Female,35.0,6.0,115576.44,1.0,27922.45,0.0,
6478,duplicated,Maclean,850,France,Male,35.0,9.0,102050.47,1.0,3769.71,0.0,
6492,duplicated,Chu,753,Germany,Female,35.0,5.0,82453.96,2.0,18254.75,0.0,
6493,duplicated,Lucciano,661,France,Male,35.0,9.0,100107.99,1.0,83949.68,0.0,
6521,duplicated,Hargreaves,700,Germany,Male,35.0,4.0,95853.39,2.0,192933.37,0.0,
6524,duplicated,Waters,651,Germany,Female,35.0,1.0,163700.78,3.0,29583.48,1.0,
6541,duplicated,Nnamutaezinwa,748,USA,Male,35.0,5.0,105492.53,1.0,150057.2,0.0,
6542,duplicated,Sinclair,591,France,Male,35.0,7.0,183027.25,1.0,56028.79,0.0,
6555,duplicated,Bales,641,France,Male,35.0,5.0,0.0,2.0,93148.93,0.0,
6573,duplicated,Wang,647,Germany,Male,35.0,3.0,192407.97,1.0,40145.28,0.0,
6603,duplicated,Bergamaschi,554,France,Female,35.0,10.0,74988.59,2.0,190155.13,0.0,
6656,duplicated,Mai,683,Germany,Female,35.0,1.0,132371.3,2.0,186123.57,0.0,
6672,duplicated,Fleming,827,USA,Female,35.0,0.0,0.0,2.0,184514.01,0.0,
6738,duplicated,Christie,573,Germany,Male,35.0,9.0,134498.54,2.0,119924.8,0.0,
6800,duplicated,Findlay,711,France,Female,35.0,8.0,0.0,1.0,67508.01,0.0,
6805,duplicated,Skinner,614,France,Female,35.0,1.0,0.0,2.0,3342.62,0.0,
6806,duplicated,McDonald,478,France,Male,35.0,1.0,92474.05,1.0,178626.07,0.0,
6878,duplicated,Iroawuchi,651,France,Male,35.0,0.0,181821.96,2.0,36923.67,1.0,
6884,duplicated,Maclean,639,France,Male,35.0,8.0,0.0,2.0,170483.9,0.0,
6905,duplicated,Shepherdson,687,France,Female,35.0,1.0,110752.15,2.0,47921.22,0.0,
6953,duplicated,Napolitano,574,Germany,Male,35.0,5.0,163856.76,1.0,15118.2,0.0,
6955,duplicated,Genovesi,738,USA,Male,35.0,8.0,127290.61,1.0,16081.62,0.0,
6983,duplicated,Kuo,706,France,Male,35.0,5.0,0.0,2.0,81718.37,0.0,
6993,duplicated,Hurst,639,France,Female,35.0,1.0,103015.12,2.0,139094.12,0.0,
7010,duplicated,Zakharov,639,France,Female,35.0,8.0,0.0,1.0,164453.98,0.0,
7014,duplicated,Brown,463,USA,Female,35.0,2.0,0.0,2.0,1950.93,0.0,
7059,duplicated,Mason,669,Germany,Female,35.0,4.0,108269.2,2.0,174969.92,0.0,
7061,duplicated,Thomson,603,Germany,Female,35.0,9.0,145623.36,1.0,163181.62,0.0,
7087,duplicated,Teague,675,USA,Female,35.0,8.0,155621.08,1.0,35177.31,0.0,
7112,duplicated,Campbell,670,Germany,Female,35.0,2.0,79585.96,1.0,198802.9,0.0,
7131,duplicated,Tan,492,France,Male,35.0,8.0,121063.49,1.0,85421.48,0.0,
7196,duplicated,Wallace,561,France,Female,35.0,5.0,0.0,2.0,59981.62,0.0,
7225,duplicated,Humphreys,781,Germany,Male,35.0,7.0,92526.15,2.0,173837.54,0.0,
7234,duplicated,Chiang,512,USA,Female,35.0,5.0,124580.69,1.0,18785.48,0.0,
7235,duplicated,Artyomova,697,France,Male,35.0,5.0,133087.76,1.0,64771.61,0.0,
7276,duplicated,Boyle,594,France,Male,35.0,2.0,133853.27,1.0,65361.66,0.0,
7284,duplicated,White,667,USA,Male,35.0,4.0,97585.32,2.0,57213.46,0.0,
7289,duplicated,Sal,627,USA,Female,35.0,7.0,0.0,1.0,187718.26,0.0,
7355,duplicated,Shaw,529,USA,Female,35.0,5.0,0.0,2.0,56518.0,0.0,
7366,duplicated,Johnston,598,USA,Female,35.0,8.0,0.0,3.0,88658.73,0.0,
7400,duplicated,Levi,762,Germany,Male,35.0,1.0,117458.51,1.0,178361.48,1.0,
7408,duplicated,Sinclair,715,France,Male,35.0,2.0,141005.47,1.0,60407.93,0.0,
7430,duplicated,Okeke,606,France,Female,35.0,0.0,135984.15,2.0,186778.89,0.0,
7434,duplicated,Yobachukwu,638,USA,Male,35.0,1.0,0.0,2.0,165370.66,0.0,
7446,duplicated,Morrison,718,France,Male,35.0,3.0,97560.16,1.0,53511.74,0.0,
7453,duplicated,Wright,778,Germany,Female,35.0,1.0,151958.19,3.0,131238.37,1.0,
7469,duplicated,Balashov,686,France,Female,35.0,8.0,105419.73,1.0,35356.46,0.0,
7479,duplicated,Meagher,567,USA,Male,35.0,8.0,153137.74,1.0,88659.07,0.0,
7484,duplicated,Wright,772,France,Female,35.0,9.0,0.0,1.0,25448.31,0.0,
7490,duplicated,Bell,654,France,Female,35.0,2.0,90865.8,1.0,86764.46,0.0,
7515,duplicated,Vidler,623,France,Female,35.0,0.0,130557.24,1.0,47880.71,0.0,
7525,duplicated,Watson,580,Germany,Male,35.0,9.0,121355.19,1.0,35671.45,0.0,
7527,duplicated,Sun,676,USA,Male,35.0,0.0,0.0,2.0,139911.58,0.0,
7553,duplicated,Black,719,USA,Female,35.0,8.0,0.0,1.0,165162.4,0.0,
7589,duplicated,Dean,723,France,Female,35.0,0.0,0.0,2.0,61290.99,0.0,
7664,duplicated,Clayton,602,France,Male,35.0,8.0,0.0,1.0,22499.29,0.0,
7707,duplicated,Munro,848,USA,Male,35.0,5.0,120046.74,2.0,84710.65,0.0,
7723,duplicated,Hung,691,USA,Male,35.0,6.0,0.0,2.0,178038.17,0.0,
7725,duplicated,Tuan,482,France,Female,35.0,5.0,147813.05,2.0,109029.72,0.0,
7729,duplicated,Yen,850,France,Female,35.0,2.0,128548.49,4.0,75478.95,1.0,
7743,duplicated,Chiang,777,Germany,Male,35.0,7.0,122917.69,1.0,76169.68,0.0,
7746,duplicated,Ukaegbunam,554,France,Female,35.0,8.0,0.0,2.0,176779.46,0.0,
7748,duplicated,Sal,842,Germany,Female,35.0,9.0,119948.09,1.0,48217.97,1.0,
7766,duplicated,Barnett,643,USA,Male,35.0,2.0,0.0,2.0,67979.35,0.0,
7862,duplicated,Cattaneo,644,Germany,Male,35.0,5.0,161591.11,3.0,63795.62,0.0,
7905,duplicated,Greece,701,USA,Male,35.0,10.0,159693.9,2.0,71173.64,0.0,
7908,duplicated,Rossi,581,France,Male,35.0,4.0,0.0,2.0,86383.82,0.0,
7912,duplicated,Buckley,642,France,Male,35.0,2.0,133161.95,1.0,122254.86,0.0,
7914,duplicated,Ellis,687,France,Male,35.0,9.0,0.0,2.0,73133.82,0.0,
7921,duplicated,Medvedeva,588,USA,Female,35.0,7.0,0.0,2.0,108739.15,0.0,
7946,duplicated,Calabresi,473,France,Female,35.0,6.0,69617.36,1.0,143345.69,0.0,
7947,duplicated,Randall,639,USA,Female,35.0,5.0,136526.26,2.0,59653.03,0.0,
7976,duplicated,Pan,849,France,Male,35.0,4.0,110837.73,1.0,126419.8,0.0,
8011,duplicated,Sal,701,France,Female,35.0,2.0,0.0,2.0,65765.22,0.0,
8108,duplicated,Noble,437,Germany,Male,35.0,6.0,126803.34,2.0,161133.4,0.0,
8112,duplicated,Yermakov,578,France,Female,35.0,2.0,0.0,2.0,26389.92,0.0,
8121,duplicated,Cockett,793,France,Male,35.0,2.0,0.0,2.0,79704.12,0.0,
8127,duplicated,Taylor,651,Germany,Male,35.0,8.0,110067.71,1.0,127678.95,1.0,
8245,duplicated,Miller,577,USA,Male,35.0,5.0,110080.3,1.0,109794.31,0.0,
8250,duplicated,Wade,850,France,Female,35.0,9.0,0.0,2.0,25329.48,0.0,
8266,duplicated,Spencer,560,France,Female,35.0,1.0,0.0,2.0,3701.63,0.0,
8297,duplicated,Aitken,584,France,Female,35.0,2.0,114321.28,2.0,15959.01,0.0,
8322,duplicated,Siciliani,617,France,Female,35.0,5.0,0.0,2.0,13066.3,0.0,
8327,duplicated,Piazza,707,France,Female,35.0,9.0,0.0,2.0,70403.65,0.0,
8335,duplicated,Shen,647,France,Male,35.0,4.0,123761.68,1.0,83910.4,0.0,
8361,duplicated,Wardle,690,France,Female,35.0,9.0,107944.33,2.0,48478.47,0.0,
8454,duplicated,Yip,502,France,Female,35.0,6.0,0.0,2.0,80618.47,0.0,
8499,duplicated,Brown,498,Germany,Male,35.0,2.0,121968.11,2.0,188343.05,0.0,
8515,duplicated,Padovano,724,Germany,Female,35.0,0.0,171982.95,2.0,167313.07,0.0,
8528,duplicated,Buchi,534,USA,Male,35.0,4.0,0.0,2.0,9541.15,0.0,
8532,duplicated,Lu,585,France,Female,35.0,2.0,0.0,2.0,98621.04,1.0,
8546,duplicated,Piccio,553,Germany,Male,35.0,2.0,158584.28,2.0,43640.16,0.0,
8599,duplicated,Hill,633,France,Male,35.0,3.0,0.0,2.0,36249.76,0.0,
8624,duplicated,Truscott,745,Germany,Male,35.0,4.0,98270.34,1.0,133617.43,0.0,
8633,duplicated,Bitter,767,France,Female,35.0,2.0,0.0,2.0,144251.38,0.0,
8666,duplicated,Black,687,Germany,Male,35.0,1.0,125141.24,2.0,148537.07,0.0,
8671,duplicated,Shih,542,Germany,Female,35.0,9.0,127543.11,2.0,468.94,1.0,
8679,duplicated,He,791,Germany,Male,35.0,5.0,129828.58,1.0,181918.26,1.0,
8705,duplicated,Docherty,742,France,Female,35.0,2.0,79126.17,1.0,126997.53,0.0,
8707,duplicated,Fadden,443,France,Female,35.0,9.0,108308.0,1.0,129031.19,1.0,
8712,duplicated,Barnes,469,USA,Male,35.0,5.0,0.0,2.0,186490.37,0.0,
8722,duplicated,T'ien,621,France,Male,35.0,7.0,87619.29,1.0,143.34,0.0,
8788,duplicated,Bruner,743,Germany,Female,35.0,1.0,146781.24,1.0,189307.7,0.0,
8790,duplicated,Young,416,USA,Male,35.0,8.0,0.0,1.0,119712.78,0.0,
8811,duplicated,Ojiofor,610,France,Female,35.0,7.0,81905.95,1.0,61623.19,0.0,
8824,duplicated,Doyle,643,USA,Female,35.0,6.0,0.0,2.0,41549.64,0.0,
8832,duplicated,Wood,753,France,Male,35.0,4.0,0.0,2.0,106303.4,0.0,
8844,duplicated,Osinachi,695,USA,Male,35.0,7.0,0.0,2.0,160387.98,0.0,
8903,duplicated,Onwughara,520,France,Male,35.0,9.0,105387.89,1.0,25059.06,0.0,
8922,duplicated,Okonkwo,550,Germany,Male,35.0,9.0,129847.75,2.0,197325.4,0.0,
8929,duplicated,Fraser,569,France,Female,35.0,4.0,93934.63,1.0,184748.23,0.0,
8945,duplicated,Hs?,542,USA,Male,35.0,2.0,174894.53,1.0,22314.55,0.0,
8950,duplicated,Hsiao,461,France,Female,35.0,5.0,0.0,1.0,54209.02,0.0,
8979,duplicated,Gordon,514,France,Male,35.0,3.0,121030.9,1.0,10008.68,0.0,
8980,duplicated,Aitken,650,Germany,Female,35.0,3.0,165982.43,2.0,24482.16,0.0,
8981,duplicated,Ginikanwa,673,USA,Female,35.0,6.0,0.0,2.0,98618.79,0.0,
8993,duplicated,Kao,547,France,Female,35.0,4.0,0.0,1.0,133287.73,0.0,
9053,duplicated,Robb,732,France,Female,35.0,3.0,0.0,2.0,90876.95,0.0,
9087,duplicated,Boni,714,France,Male,35.0,3.0,0.0,2.0,95623.28,0.0,
9100,duplicated,Ko,659,France,Male,35.0,6.0,0.0,2.0,58879.11,0.0,
9142,duplicated,Marino,494,France,Female,35.0,9.0,112727.06,2.0,183752.91,0.0,
9147,duplicated,Ford,636,France,Male,35.0,9.0,95478.17,1.0,169286.74,0.0,
9166,duplicated,Wang,627,Germany,Female,35.0,2.0,137852.96,1.0,172269.21,1.0,
9176,duplicated,Kwemto,573,France,Male,35.0,9.0,0.0,2.0,11743.89,0.0,
9185,duplicated,Nkemakolam,584,France,Male,35.0,6.0,161613.94,2.0,148238.16,0.0,
9229,duplicated,Beam,847,Germany,Female,35.0,5.0,111743.43,1.0,183584.14,0.0,
9230,duplicated,Sheppard,582,Germany,Male,35.0,8.0,121309.17,2.0,28750.67,0.0,
9241,duplicated,Gordon,509,France,Male,35.0,8.0,0.0,2.0,67431.28,0.0,
9269,duplicated,Shen,642,France,Male,35.0,4.0,125476.31,1.0,91775.51,0.0,
9278,duplicated,Fyodorova,443,France,Male,35.0,6.0,161111.45,1.0,13946.66,0.0,
9322,duplicated,Bogolyubov,767,France,Female,35.0,9.0,0.0,2.0,39511.61,0.0,
9326,duplicated,Greco,641,Germany,Male,35.0,2.0,103711.56,1.0,192464.21,1.0,
9328,duplicated,Nucci,540,Germany,Female,35.0,7.0,128369.75,2.0,198256.15,0.0,
9329,duplicated,Yao,663,USA,Male,35.0,5.0,0.0,2.0,62634.94,0.0,
9362,duplicated,Parsons,684,France,Male,35.0,3.0,137179.39,1.0,37264.11,0.0,
9363,duplicated,Bailey,634,USA,Male,35.0,3.0,0.0,2.0,19515.48,0.0,
9378,duplicated,Mitchell,709,USA,Female,35.0,1.0,111827.27,2.0,12674.68,0.0,
9394,duplicated,Upchurch,597,Germany,Female,35.0,8.0,131101.04,1.0,192852.67,0.0,
9448,duplicated,Ferri,583,Germany,Male,35.0,8.0,149995.72,2.0,42143.55,0.0,
9460,duplicated,Knight,744,USA,Male,35.0,7.0,0.0,2.0,43036.6,0.0,
9479,duplicated,Yang,781,USA,Male,35.0,1.0,0.0,2.0,42117.9,0.0,
9481,duplicated,Chidubem,505,USA,Male,35.0,8.0,116932.59,1.0,91092.84,0.0,
9491,duplicated,White,649,France,Female,35.0,4.0,108306.44,1.0,192486.24,0.0,
9522,duplicated,Beede,418,France,Male,35.0,7.0,0.0,2.0,88878.15,0.0,
9543,duplicated,Bellucci,647,France,Female,35.0,6.0,112668.7,1.0,122584.29,0.0,
9570,duplicated,Yen,631,France,Male,35.0,8.0,129205.49,1.0,79146.36,0.0,
9573,duplicated,Rivers,652,Germany,Male,35.0,7.0,104015.54,2.0,55207.88,0.0,
9585,duplicated,McCarthy,695,USA,Female,35.0,7.0,79858.13,2.0,127977.66,0.0,
9598,duplicated,Lori,508,France,Male,35.0,1.0,86893.28,1.0,59374.82,0.0,
9609,duplicated,Shao,741,France,Female,35.0,1.0,0.0,2.0,36557.55,0.0,
9616,duplicated,Bruce,683,USA,Male,35.0,9.0,61172.04,1.0,82951.12,0.0,
9617,duplicated,Chan,591,Germany,Female,35.0,2.0,90194.34,2.0,57064.57,0.0,
9619,duplicated,Gibbons,684,Germany,Male,35.0,3.0,99967.76,1.0,176882.08,0.0,
9640,duplicated,Gebhart,750,France,Female,35.0,3.0,0.0,1.0,191520.5,0.0,
9644,duplicated,Iloerika,452,France,Female,35.0,8.0,0.0,2.0,149614.81,0.0,
9666,duplicated,Macadam,758,USA,Male,35.0,5.0,0.0,2.0,95009.6,0.0,
9741,duplicated,Ukaegbunam,758,France,Male,35.0,7.0,0.0,2.0,77951.84,0.0,
9749,duplicated,Azubuike,533,France,Female,35.0,8.0,0.0,2.0,187900.12,0.0,
9757,duplicated,Chimezie,501,France,Male,35.0,6.0,99760.84,1.0,13591.52,0.0,
9791,duplicated,Parkhill,825,Germany,Female,35.0,6.0,118336.95,1.0,26342.33,1.0,
9800,duplicated,Li,762,USA,Female,35.0,3.0,119349.69,3.0,47114.18,1.0,
9806,duplicated,Medvedeva,658,USA,Male,35.0,9.0,71829.34,1.0,68141.92,0.0,
9966,duplicated,Ch'en,479,USA,Male,35.0,4.0,125920.98,1.0,20393.44,0.0,
9980,duplicated,T'ao,741,USA,Male,35.0,6.0,74371.49,1.0,99595.67,0.0,
9984,duplicated,Echezonachukwu,602,Germany,Male,35.0,7.0,90602.42,2.0,51695.41,0.0,
9996,duplicated,Johnstone,516,France,Male,35.0,10.0,57369.61,1.0,101699.77,0.0,
9997,15569892.0,Johnstone,516,France,Male,35.0,10.0,57369.61,1.0,101699.77,0.0,
